<!-- This is the minimum LEMS file to get jnml to generate cell .hoc + .mod files -->

<Lems>
	<Include file="Cells.xml"/>
	<Include file="Networks.xml"/>
	<Include file="Simulation.xml"/>
	
	<Include file="../../Channels/pas.channel.nml"/>
    <Include file="../../Channels/nax__sh0.channel.nml"/>
    <Include file="../../Channels/nax__sh10.channel.nml"/>
    <Include file="../../Channels/kamt.channel.nml"/>
    <Include file="../../Channels/kdrmt.channel.nml"/>

	<Include file="Mitral_0_0.cell.nml" />

	<Target component="sim"/>

	<Simulation id="sim" length="3000ms" step="0.025ms" target="Mitral_0_0">
	</Simulation>
</Lems>
